"File","Reason","Group"
"app\Models\RoleModel.php","Model tidak direferensikan di controller/model/command/test","app"
"app\Models\UserModel.php","Model tidak direferensikan di controller/model/command/test","app"
"app\Views\auth\login.php","View tidak ditemukan di pemanggilan view() atau referensi literal","app"
"app\Views\auth\register.php","View tidak ditemukan di pemanggilan view() atau referensi literal","app"
"app\Views\dashboard\index.php","View tidak ditemukan di pemanggilan view() atau referensi literal","app"
"app\Views\dokumen\create.php","View tidak ditemukan di pemanggilan view() atau referensi literal","app"
"app\Views\dokumen\index.php","View tidak ditemukan di pemanggilan view() atau referensi literal","app"
"app\Views\dokumen\modal_error.php","View tidak ditemukan di pemanggilan view() atau referensi literal","app"
"app\Views\kartu_kendali\detail.php","View tidak ditemukan di pemanggilan view() atau referensi literal","app"
"app\Views\kartu_kendali\index.php","View tidak ditemukan di pemanggilan view() atau referensi literal","app"
"app\Views\kegiatan\index.php","View tidak ditemukan di pemanggilan view() atau referensi literal","app"
"app\Views\kegiatan\modal_create.php","View tidak ditemukan di pemanggilan view() atau referensi literal","app"
"app\Views\laporan\index.php","View tidak ditemukan di pemanggilan view() atau referensi literal","app"
"app\Views\laporan\pcl.php","View tidak ditemukan di pemanggilan view() atau referensi literal","app"
"app\Views\laporan\pdf_template.php","View tidak ditemukan di pemanggilan view() atau referensi literal","app"
"app\Views\laporan\pengolahan.php","View tidak ditemukan di pemanggilan view() atau referensi literal","app"
"app\Views\logistik\index.php","View tidak ditemukan di pemanggilan view() atau referensi literal","app"
"app\Views\monitoring\dashboard.php","View tidak ditemukan di pemanggilan view() atau referensi literal","app"
"app\Views\presensi\index.php","View tidak ditemukan di pemanggilan view() atau referensi literal","app"
"app\Views\tandaterima\edit.php","View tidak ditemukan di pemanggilan view() atau referensi literal","app"
"app\Views\tandaterima\index.php","View tidak ditemukan di pemanggilan view() atau referensi literal","app"
"app\Views\tandaterima\new.php","View tidak ditemukan di pemanggilan view() atau referensi literal","app"
"app\Views\uji_petik\edit.php","View tidak ditemukan di pemanggilan view() atau referensi literal","app"
"app\Views\uji_petik\index.php","View tidak ditemukan di pemanggilan view() atau referensi literal","app"
"app\Views\uji_petik\new.php","View tidak ditemukan di pemanggilan view() atau referensi literal","app"
"scripts\tmp-sidebar-compare.mjs","Script temporary dan tanpa referensi penggunaan","scripts"
"tests\sidebar-compare.spec.ts","Bukan test PHP utama dan tidak direferensikan","tests"
