"File","Type","Reason"
"app\Models\RoleModel.php","model","Nama model tidak direferensikan di app/tests/scripts"
"app\Models\UserModel.php","model","Nama model tidak direferensikan di app/tests/scripts"
"app\Views\auth\login.php","view","Tidak ditemukan pada view()/extend()/include()"
"app\Views\auth\register.php","view","Tidak ditemukan pada view()/extend()/include()"
"app\Views\dashboard\index.php","view","Tidak ditemukan pada view()/extend()/include()"
"app\Views\dokumen\create.php","view","Tidak ditemukan pada view()/extend()/include()"
"app\Views\dokumen\index.php","view","Tidak ditemukan pada view()/extend()/include()"
"app\Views\dokumen\modal_error.php","view","Tidak ditemukan pada view()/extend()/include()"
"app\Views\kartu_kendali\detail.php","view","Tidak ditemukan pada view()/extend()/include()"
"app\Views\kartu_kendali\index.php","view","Tidak ditemukan pada view()/extend()/include()"
"app\Views\kegiatan\index.php","view","Tidak ditemukan pada view()/extend()/include()"
"app\Views\kegiatan\modal_create.php","view","Tidak ditemukan pada view()/extend()/include()"
"app\Views\laporan\index.php","view","Tidak ditemukan pada view()/extend()/include()"
"app\Views\laporan\pcl.php","view","Tidak ditemukan pada view()/extend()/include()"
"app\Views\laporan\pdf_template.php","view","Tidak ditemukan pada view()/extend()/include()"
"app\Views\laporan\pengolahan.php","view","Tidak ditemukan pada view()/extend()/include()"
"app\Views\layout\footer.php","view","Tidak ditemukan pada view()/extend()/include()"
"app\Views\layout\header.php","view","Tidak ditemukan pada view()/extend()/include()"
"app\Views\layout\sidebar.php","view","Tidak ditemukan pada view()/extend()/include()"
"app\Views\layout\template.php","view","Tidak ditemukan pada view()/extend()/include()"
"app\Views\logistik\index.php","view","Tidak ditemukan pada view()/extend()/include()"
"app\Views\monitoring\dashboard.php","view","Tidak ditemukan pada view()/extend()/include()"
"app\Views\presensi\index.php","view","Tidak ditemukan pada view()/extend()/include()"
"app\Views\tandaterima\edit.php","view","Tidak ditemukan pada view()/extend()/include()"
"app\Views\tandaterima\index.php","view","Tidak ditemukan pada view()/extend()/include()"
"app\Views\tandaterima\new.php","view","Tidak ditemukan pada view()/extend()/include()"
"app\Views\uji_petik\edit.php","view","Tidak ditemukan pada view()/extend()/include()"
"app\Views\uji_petik\index.php","view","Tidak ditemukan pada view()/extend()/include()"
"app\Views\uji_petik\new.php","view","Tidak ditemukan pada view()/extend()/include()"
